insert into JUDETE values(1,'Bucuresti','Bucuresti');
insert into JUDETE values(2,'Alba','Alba Iulia');
insert into JUDETE values(3,'Arad','Arad');
insert into JUDETE values(4,'Arges','Piteti');
insert into JUDETE values(5,'Bacau','Bacau');
insert into JUDETE values(6,'Bihor','Oradea');
insert into JUDETE values(7,'Bistrita-Nasaud','Bistrita');
insert into JUDETE values(8,'Botosani','Botosani');
insert into JUDETE values(9,'Buzau','Buzau');
insert into JUDETE values(10,'Giurgiu','Giurgiu');
insert into JUDETE values(11,'Olt','Slatina');
insert into JUDETE values(12,'Dolj','Craiova');
insert into JUDETE values(13,'Satu Mare','Satu Mare');


insert into ADRESE values('Str. Margaritarului nr.45',13,'Satu Mare');
insert into ADRESE values('Bulevarul Mircea Voda nr.44 bl.m17',2,'Alba');
insert into ADRESE values('Str. Gheorghe Sincai nr.33 Bl.1032',3,'Arad');
insert into ADRESE values('Bulevardul Unirii nr.8-11',2,'Alba');
insert into ADRESE values('Calea Armatei Romane nr.42 bl.G3',6,'Bihor');
insert into ADRESE values('Str. Veteranilor bl.41 sc.D',7,'Bistrita-Nasaud');
insert into ADRESE values('Str. Mihai Viteazul bl.F2 sc.A',8,'Botosani');
insert into ADRESE values('Str. Rosiori nr.4',11,'Olt');
insert into ADRESE values('Str. Frasinet nr.77 bl. 405, sc.E',12,'Dolj');
insert into ADRESE values('Bulevardul Ion Mihalache nr.92',1,'Bucuresti');
insert into ADRESE values('Str. Independentei nr.5 bl.431 parter',5,'Bacau');
insert into ADRESE values('Str. Alexandru Ioan Cuza nr.4',9,'Buzau');
insert into ADRESE values('Str. Unirii bl. 202 sc.C',4,'Arges');
insert into ADRESE values('Str. Metropolitana nr.20',2,'Alba');
insert into ADRESE values('Bulevardul Academician Miron Nicolescu nr.2',10,'Giurgiu');
insert into ADRESE values('Str.Viitorului nr. 197',1,'Bucuresti');
insert into ADRESE values('Str. Mircea Voda nr.44 bl.m18',2,'Alba');
insert into ADRESE values('Drumul Cetatii nr.8',7,'Bistrita-Nasaud');
insert into ADRESE values('Str. Zefirului nr.5 bl.B4',11,'Olt');
insert into ADRESE values('Str. Ziua Noua nr.12',12,'Dolj');
insert into ADRESE values('Str. Grivitei bl.B6 sc.E',6,'Bihor');
insert into ADRESE values('Str. Cetatea Noua nr.19',9,'Buzau');
insert into ADRESE values('Str. Turnul Bl. M51',4,'Arges');
insert into ADRESE values('Str. Margineanu nr.7',5,'Bacau');



insert into REDACTII values(1,'Monitorul Zilei','Str. Margaritarului nr.45','Mihai Ionescu');
insert into REDACTII values(2,'ProSport','Bulevarul Mircea Voda nr.44 bl.m17','Costin Stucan');
insert into REDACTII values(3,'Bihoreanul','Str. Gheorghe Sincai nr.33 Bl.1032','Florin Ciucaş');
insert into REDACTII values(4,'Zi de zi','Bulevardul Unirii nr.8-11','Mircea Marinescu');
insert into REDACTII values(5,'Academica','Calea Armatei Romane nr.42 bl.G3','Florin Moinescu');
insert into REDACTII values(6,'Editura trei SRL','Str. Veteranilor bl.41 sc.D','Ion Mihai Costin');
insert into REDACTII values(7,'Gazeta Sporturilor','Str. Mihai Viteazul bl.F2 sc.A','Gheoghe Apostolu');
insert into REDACTII values(8,'Ziarul Zilei','Str. Rosiori nr.4','Ionut Popescu');
insert into REDACTII values(9,'BT','Str. Frasinet nr.77 bl. 405, sc.E','Ion Mihai');
insert into REDACTII values(10,'Steagul Rosu','Bulevardul Ion Mihalache nr.92','Catalin Canu');
insert into REDACTII values(11,'Fabrica','Str. Independentei nr.5 bl.431 parter','Mihail Nicolae Miculescu');
insert into REDACTII values(12,'Ziarul Lumina','Str. Margineanu nr.7','George Mincu');
insert into REDACTII values(13,'Azi','Str. Alexandru Ioan Cuza nr.4','Laurentiu Apostolache');


insert into PUBLICATII values(1,'ProSport','Sport',2,2);
insert into PUBLICATII values(2,'Monitorul Zilei','Generalist',1,1);
insert into PUBLICATII values(3,'Ziarul Bihoreanul','Generalist',0.5,3);
insert into PUBLICATII values(4,'Zi de zi','Generalist',0.5,4);
insert into PUBLICATII values(5,'Revista Academica','Cultural',1.5,5);
insert into PUBLICATII values(6,'Gazeta Sporturilor','Sport',2,7);
insert into PUBLICATII values(7,'Steagul Rosu','Politic',1,10);
insert into PUBLICATII values(8,'Ziarul Azi','Generalist',1,13);
insert into PUBLICATII values(9,'Ziarul Fabrica','Politic',1.5,11);
insert into PUBLICATII values(10,'Ziarul de BT','Generalist',1,9);
insert into PUBLICATII values(11,'Ziarul Lumina','Religios',2,12);
insert into PUBLICATII values(12,'Ziarul Zilei','Generalist',1.2,8);
insert into PUBLICATII values(13,'Viitorul','Politic',2,6);
insert into PUBLICATII values(14,'Revista Casa Noua','Design',3.5,6);

insert into ABONATI values(1, 'ionescuv@yahoo.com', 'Str. Unirii bl. 202 sc.C', 'FIZ');
insert into ABONATI values(2, 'mt_1985@gmail.com','Str. Metropolitana nr.20', 'FIZ');
insert into ABONATI values(3, 'contact@Tran.ro','Bulevardul Academician Miron Nicolescu nr.2', 'JUR');
insert into ABONATI values(4, 'vviandrei@yahoo.com','Str.Viitorului nr. 197','FIZ');
insert into ABONATI values(5, 'GoandGa@gmail.com','Str. Mircea Voda nr.44 bl.m18', 'JUR');
insert into ABONATI values(6, 'claudiu_mircea@gmail.com','Drumul Cetatii nr.8','FIZ');
insert into ABONATI values(7, 'contact@mandm.com','Str. Zefirului nr.5 bl.B4', 'JUR');
insert into ABONATI values(8, 'contact@Jerrys.com','Str. Ziua Noua nr.12', 'JUR');
insert into ABONATI values(9, 'mihaiion89@yahoo.com','Str. Grivitei bl.B6 sc.E', 'FIZ');
insert into ABONATI values(10,'poppopr@gmail.com','Str. Cetatea Noua nr.19', 'FIZ');
insert into ABONATI values(11, 'contact@dc.ro','Str. Turnul Bl. M51', 'JUR');


insert into PERSFIZ values(1, 'Ionescu', 'Vasile');
insert into PERSFIZ values(2, 'Marin', 'Teodeor');
insert into PERSJUR values(3, 'Trans', 'SA', 'Cristea Marina');
insert into PERSFIZ values(4, 'Vasili', 'Ionut-Andrei');
insert into PERSJUR values(5, 'GoandGa', 'SRL', 'Georgescu Elena');
insert into PERSFIZ values(6, 'Claudiu', 'Mircea');
insert into PERSJUR values(7, 'MandM', 'SA', 'Andrei Florin');
insert into PERSJUR values(8, 'Jerryss', 'SRL', 'Hodorogea Anghel');
insert into PERSFIZ values(9, 'Mihai', 'Ion');
insert into PERSFIZ values(10, 'Popescu', 'Radu');
insert into PERSJUR values(11, 'DC', 'SA', 'Chiriac Bogdan');




insert into ABONATILA values(1,1,to_date('11-4-2017','dd-mm-yyyy'),to_date('11-4-2018','dd-mm-yyyy'),1);
insert into ABONATILA values(1,7,to_date('21-3-2017','dd-mm-yyyy'),to_date('21-4-2017','dd-mm-yyyy'),40);
insert into ABONATILA values(2,13,to_date('22-12-2017','dd-mm-yyyy'),to_date('22-12-2018','dd-mm-yyyy'),2);
insert into ABONATILA values(3,4,to_date('22-3-2016','dd-mm-yyyy'),to_date('22-4-2016','dd-mm-yyyy'),100);
insert into ABONATILA values(4,5,to_date('29-6-2016','dd-mm-yyyy'),to_date('29-7-2016','dd-mm-yyyy'),2);
insert into ABONATILA values(5,8,to_date('23-5-2016','dd-mm-yyyy'),to_date('23-5-2017','dd-mm-yyyy'),50);
insert into ABONATILA values(6,10,to_date('16-10-2017','dd-mm-yyyy'),to_date('16-11-2017','dd-mm-yyyy'),1);
insert into ABONATILA values(7,11,to_date('22-7-2017','dd-mm-yyyy'),to_date('22-8-2017','dd-mm-yyyy'),40);
insert into ABONATILA values(8,6,to_date('30-4-2017','dd-mm-yyyy'),to_date('30-6-2017','dd-mm-yyyy'),22);
insert into ABONATILA values(9,12,to_date('31-7-2017','dd-mm-yyyy'),to_date('1-9-2017','dd-mm-yyyy'),4);
insert into ABONATILA values(10,3,to_date('20-1-2017','dd-mm-yyyy'),to_date('20-1-2018','dd-mm-yyyy'),3);
insert into ABONATILA values(11,9,to_date('29-7-2017','dd-mm-yyyy'),to_date('29-8-2017','dd-mm-yyyy'),60);
insert into ABONATILA values(7,2,to_date('22-4-2017','dd-mm-yyyy'),to_date('22-4-2018','dd-mm-yyyy'),43);
insert into ABONATILA values(2,11,to_date('17-6-2017','dd-mm-yyyy'),to_date('17-7-2017','dd-mm-yyyy'),1);

insert into EDITIE values(1,to_date('21-3-2016','dd-mm-yyyy'),1);
insert into EDITIE values(2,to_date('24-4-2017','dd-mm-yyyy'),3);
insert into EDITIE values(3,to_date('23-5-2017','dd-mm-yyyy'),171);
insert into EDITIE values(4,to_date('24-6-2017','dd-mm-yyyy'),61);
insert into EDITIE values(5,to_date('26-5-2017','dd-mm-yyyy'),21);
insert into EDITIE values(6,to_date('27-4-2016','dd-mm-yyyy'),22);
insert into EDITIE values(7,to_date('24-5-2015','dd-mm-yyyy'),4);
insert into EDITIE values(8,to_date('22-4-2016','dd-mm-yyyy'),2);
insert into EDITIE values(9,to_date('21-5-2017','dd-mm-yyyy'),10);
insert into EDITIE values(10,to_date('22-4-2017','dd-mm-yyyy'),12);
insert into EDITIE values(11,to_date('22-8-2017','dd-mm-yyyy'),22);
insert into EDITIE values(12,to_date('23-7-2017','dd-mm-yyyy'),23);
insert into EDITIE values(13,to_date('12-3-2017','dd-mm-yyyy'),6);
insert into EDITIE values(14,to_date('14-4-2017','dd-mm-yyyy'),4);

insert into TELABN values(1,'0745689321');
insert into TELABN values(2,'0748628707');
insert into TELABN values(3,'0748628701');
insert into TELABN values(4,'0748628703');
insert into TELABN values(5,'0748628704');
insert into TELABN values(6,'0748628705');
insert into TELABN values(7,'0748628706');
insert into TELABN values(8,'0748628707');
insert into TELABN values(9,'0748628708');
insert into TELABN values(10,'0748628709');
insert into TELABN values(11,'0748628710');
insert into TELABN values(5,'0748628713');

insert into TELRED values(1,'0748628703');
insert into TELRED values(2,'0748628723');
insert into TELRED values(3,'0748628163');
insert into TELRED values(4,'0748628153');
insert into TELRED values(5,'0748628143');
insert into TELRED values(6,'0748628133');
insert into TELRED values(7,'0748628123');
insert into TELRED values(8,'0748628793');
insert into TELRED values(9,'0748628783');
insert into TELRED values(10,'0748628773');
insert into TELRED values(11,'0748628763');
insert into TELRED values(12,'0748628753');
insert into TELRED values(13,'0748628743');
insert into TELRED values(11,'0748628733');
insert into TELRED values(12,'0748628723');
insert into TELRED values(13,'0748628713');

insert into ANGAJATI values(1,'Popescu','Ionescu',1,'Bucuresti');
insert into ANGAJATI values(2,'George' ,'Vasile',2,'Alba');
insert into ANGAJATI values(3,'Asif' ,'Amir',3,'Arad');
insert into ANGAJATI values(4,'Asif', 'Bamir',4,'Arges');
insert into ANGAJATI values(5,'Mihail', 'Baher',5,'Bacau');
insert into ANGAJATI values(6,'Henry', 'Mikel',6,'Bihor');
insert into ANGAJATI values(7,'John' ,'Smith',7,'Bistrita-Nasaud');
insert into ANGAJATI values(8,'Tortuga', 'Alexander',8,'Botosani');
insert into ANGAJATI values(9,'Alexander', 'Kevin',9,'Buzau');
insert into ANGAJATI values(10,'Ion', 'Ionut',10,'Giurgiu');


